{"files":{"application-662a2022cabe77705c68d27599a52b6b.js":{"logical_path":"application.js","mtime":"2013-09-14T06:19:31-07:00","size":298206,"digest":"662a2022cabe77705c68d27599a52b6b"},"application-2ca6a8322d3248e78fb4575603fb92ac.css":{"logical_path":"application.css","mtime":"2013-09-14T05:14:26-07:00","size":135107,"digest":"2ca6a8322d3248e78fb4575603fb92ac"},"glyphicons-halflings-white-62b67d9edee3db90d18833087f848d6e.png":{"logical_path":"glyphicons-halflings-white.png","mtime":"2013-09-07T22:22:06-07:00","size":8777,"digest":"62b67d9edee3db90d18833087f848d6e"},"glyphicons-halflings-c806376f05e4ccabe2c5315a8e95667c.png":{"logical_path":"glyphicons-halflings.png","mtime":"2013-09-07T22:22:06-07:00","size":12799,"digest":"c806376f05e4ccabe2c5315a8e95667c"}},"assets":{"application.js":"application-662a2022cabe77705c68d27599a52b6b.js","application.css":"application-2ca6a8322d3248e78fb4575603fb92ac.css","glyphicons-halflings-white.png":"glyphicons-halflings-white-62b67d9edee3db90d18833087f848d6e.png","glyphicons-halflings.png":"glyphicons-halflings-c806376f05e4ccabe2c5315a8e95667c.png"}}